<?xml version="1.0" encoding="UTF-8"?>
<root>
  <item name="androidx.camera.extensions.internal.AdvancedVendorExtender AdvancedVendorExtender(int) 0">
    <annotation name="androidx.annotation.IntDef">
      <val name="value" val="{androidx.camera.extensions.ExtensionMode.NONE, androidx.camera.extensions.ExtensionMode.BOKEH, androidx.camera.extensions.ExtensionMode.HDR, androidx.camera.extensions.ExtensionMode.NIGHT, androidx.camera.extensions.ExtensionMode.FACE_RETOUCH, androidx.camera.extensions.ExtensionMode.AUTO}" />
    </annotation>
  </item>
  <item name="androidx.camera.extensions.internal.AdvancedVendorExtender mMode">
    <annotation name="androidx.annotation.IntDef">
      <val name="value" val="{androidx.camera.extensions.ExtensionMode.NONE, androidx.camera.extensions.ExtensionMode.BOKEH, androidx.camera.extensions.ExtensionMode.HDR, androidx.camera.extensions.ExtensionMode.NIGHT, androidx.camera.extensions.ExtensionMode.FACE_RETOUCH, androidx.camera.extensions.ExtensionMode.AUTO}" />
    </annotation>
  </item>
  <item name="androidx.camera.extensions.internal.BasicVendorExtender BasicVendorExtender(int) 0">
    <annotation name="androidx.annotation.IntDef">
      <val name="value" val="{androidx.camera.extensions.ExtensionMode.NONE, androidx.camera.extensions.ExtensionMode.BOKEH, androidx.camera.extensions.ExtensionMode.HDR, androidx.camera.extensions.ExtensionMode.NIGHT, androidx.camera.extensions.ExtensionMode.FACE_RETOUCH, androidx.camera.extensions.ExtensionMode.AUTO}" />
    </annotation>
  </item>
</root>

